"domain_id", "clause", "name",  "objective", "attributes", "input", "model", "indicator", "action_plan"
25,"4.x","Compréhension de l'organisation et de son contexte","Comprendre l'organisation et son contexte, définir le domaine d'application et mettre en place un SMSI",NULL,"- Compréhension de l'organisation et de son contexte\n- Compréhension des besoins et des attentes des parties intéressées\n- Détermination du domaine d'application du SMSI\n- Système de management de la sécurité de l'information","Contrôler la compréhension de l'organisation et de son contexte, la compréhension des besoins et attentes des parties intéressées, le domaine d'application et le système de management de la sécurité de l'information.","Vert : conforme\nRouge : non-conforme","Revoir la compréhension de l'organisation et de son contexte"
25,"5.x","Leadership","Etre en capacité de diriger l'organisation afin d'atteindre les objectifs du SMSI.",NULL,"- Preuves de leadership de la direction\n- Politique de sécurité de l'information\n- Définitions des rôles, responsabilités et autorités en matière de sécurité de l'information","Contrôler :\n- Les preuves de leadership et d'engagement de la direction\n- La politique de sécurité de l'information\n- Les rôles, responsabilités et autorités au sein de l'organisation","Vert : conforme\nRouge : non-conforme","Définir et assigner au sein de l'organisation les rôles, responsabilités et autorités en matière de sécurité de l'information ;\nEtablir une politique de sécurité de l'information ;\nIdentifier les personnes responsables nominativement."
25,"6.x","Planification","- Mettre en œuvre des actions face aux risques et aux opportunités\n- Définir des objectifs de sécurité de l'information et plans pour les atteindre\n- Planifier les modifications du SMSI",NULL,"- Appréciation des risques\n- Registre des risques\n- Plan de traitement des risques\n- Objectifs de sécurité de l'information","Contrôler les actions mises en œuvre face aux risques et opportunités\n- Objectifs de sécurité de l'information\n- Plan de modifications du SMSI","Vert : conforme\nRouge : non-conforme","Mettre en œuvre des actions face aux risques et aux opportunités, des objectifs de sécurité de l'information et un plan de modification du SMSI."
25,"7.2","Compétences","Disposer des ressources et compétences nécessaires  pour la mise en place du SMSI.",NULL,"- Ressources nécessaires\n- Matrice de compétences","Contrôler que les ressources nécessaires sont disponibles et disposent des compétences nécessaires.","Vert : conforme\nRouge : non-conforme","Disposer des ressources nécessaires ayant les compétences requises pour la gestion du SMSI."
25,"7.x","Support","Sensibiliser et communiquer sur l'importance de la sécurité de l'information et documenter le SMSI\n",NULL,"- Actions de sensibilisation réalisées\n- Communication aux parties prenantes\n- Processus de documentation du SMSI.","Contrôler les actions de sensibilisation réalisés et la communication aux parties prenantes.\nVérifier la qualité de la documentation du SMSI.","Vert : conforme\nRouge : non-conforme","Sensibiliser à la politique de sécurité de l'information, communiquer aux parties prenantes. Revoir la documentation du SMSI."
25,"8.x","Fonctionnement","Contrôler le fonctionnement du SMSI, apprécier et traiter les risques.",NULL,"- contrôle des processus du SMSI\n- appréciations des risques\n- plan de traitement des risques","Contrôler que l'appréciation des risques et le plan de traitement des risques sont à jour.","Vert : conforme\nRouge : non-conforme","Planifier, mettre en œuvre et contrôler les processus nécessaires à la satisfaction des exigences liées à la sécurité de l’information ;\nRéaliser des appréciations des risques de sécurité de l’information ; et\nMettre en œuvre le plan de traitement des risques de sécurité de l’information."
25,"9.2","Audit Interne","Recueillir des informations permettant de déterminer si le système de management de la sécurité de l'information est conforme et efficacement mise en œuvre et maintenu.",NULL,"- Plan d'audit interne\n- Audits internes réalisés\n- Plan dactions","Contrôler l'existence et la cohérence du plan d'audit interne, des audits internes réalisés et le suivi des plans d'action","Vert : conforme\nRouge : non-conforme","Définir un plan d'audit interne.\nRéaliser des audits internes\nSuivre les recommandations d'audit dans un plan d'action"
25,"9.3","Revue de Direction","S'assurer que le SMSI est toujours approprié, adapté et efficace.",NULL,"- Documentation de la revue de direction","Contrôler la documentation de la revue de direction, son contenu et les conclusions de la revue.","Vert : conforme\nRouge : non-conforme","Planifier une revue de direction conformément aux attentes de la norme"
25,"10.1","Amélioration continue","Mettre en place l'amélioration continue au sein du SMSI.",NULL,"- plan d'amélioration continue","Contrôler l'amélioration de la pertinence, de l'adéquation et de l'efficacité du système de management de la sécurité de l'information.","Vert : conforme\nRouge : non-conforme","Améliorer continuellement la pertinence, l'adéquation et l'efficacité du système de management de la sécurité de l'information."
25,"10.2","Non-conformité et actions correctives","S’assurer que les non-conformités et les actions correctives sont traitées.",NULL,"- Le plan de suivi des non-conformités et d'actions correctives","Contrôler le plan de traitement des non-conformités et des actions correctives","Vert : conforme\nRouge : non-conforme","Mettre en place un plan de gestion des non-conformités et des actions correctives"
26,"5.01","Politiques de sécurité de l'information","Assurer de manière continue la pertinence, l'adéquation, l'efficacité des orientations de la direction et de  son soutien à la sécurité de l'information selon les exigences métier, légales, statutaires, réglementaires  et contractuelles.","#Préventive #Confidentialité #Intégrité #Disponibilité #Identifier #Gouvernance #Gouvernance_et_Écosystème #Résilience","- ensemble de politique de sécurité de l'information\n- preuves d'approbation\n- preuves de diffusion","Contrôler l'existence de l'ensemble des politiques de sécurité, leur validé, leur diffusion et communication aux salariés et aux tiers concernés.","Vert: conforme\nOrange: manquements mineurs\nRouge: non-conforme","Définir une politique de sécurité de l'information et des politiques portant sur des thèmes, de les faire approuver par la direction, de les publier, de les communiquer et d'en demander confirmation au personnel et aux parties intéressées concernés, ainsi que de les réviser à intervalles planifiés et si des changements notoires interviennent."
26,"5.02","Fonctions et responsabilités liées à la sécurité de l'information","Établir une structure définie, approuvée et comprise pour la mise en œuvre, le fonctionnement et la  gestion de la sécurité de l'information au sein de l'organisation.","#Préventive #Confidentialité #Intégrité #Disponibilité #Identifier #Gouvernance #Gouvernance_et_Écosystème #Protection #Résilience","- Politique d'organisation de la sécurité\n- Attribution par la direction des responsabilités en matière de sécurité de l'information","Contrôler la définition et l'attribution des fonctions et responsabilités liées à la sécurité de l'information selon les besoins de  l'organisation.","Vert : présence des preuves\nOrange : manquement mineur\nRouge : absence de preuves","Définir et attribuer toutes les responsabilités en matière de sécurité de l’information."
26,"5.03","Séparation des tâches","Réduire le risque de fraude, d'erreur et de contournement des mesures de sécurité de l'information.","#Préventive #Confidentialité #Intégrité #Disponibilité #Protéger #Gouvernance #Gestion_des_identités_et_des_accès #Gouvernance_et_Écosystème","- Définition des tâches et domaines de responsabilités incompatibles","Contrôler que les tâches et domaines de responsabilité incompatibles sont séparés","Vert: présence des preuves\nOrange : non-conformité mineure\nRouge : absence de preuves","Séparer les tâches et domaines de responsabilité incompatibles."
26,"5.04","Responsabilités de la direction","S’assurer que la direction comprend son rôle en matière de sécurité de l'information et qu'elle  entreprend des actions visant à garantir que tout le personnel est conscient de ses responsabilités liées  à la sécurité de l'information et qu'il les mène à bien.","#Préventive #Confidentialité #Intégrité #Disponibilité #Identifier #Gouvernance #Gouvernance_et_Écosystème","- communication de la direction \n- date du contrôle","Contrôler l'existence d'une communication de la direction sur l'importance de la sécurité de l'information.","Vert : =< 1 an\nOrange : > 1 an\nRouge : absence de communication","Publier une communication de la direction sur l'importance de la sécurité de l'information pour l'organisation."
26,"5.05","Relations avec les autorités","Assurer la circulation adéquate de l'information en matière de sécurité de l’information, entre  l'organisation et les autorités légales, réglementaires et de surveillance pertinente.","#Préventive #Corrective #Confidentialité #Intégrité #Disponibilité #Identifier #Protéger #Répondre #Rétablir #Gouvernance #Défense #Résilience","- procédure d'organisation de la sécurité\n- inventaire des autorités compétentes\n- preuve de relation avec les autorités","La procédure et l'inventaire sont à jour\nil existe des preuves de relation avec les autorités","Vert : présence des preuves\nOrange : non-conformité mineure\nRouge: absence de preuves","Des relations appropriées avec les autorités compétentes doivent être entretenues."
26,"5.06","Relations avec des groupes de travail spécialisés","Assurer la circulation adéquate de l'information en matière de sécurité de l’information.","#Préventive #Corrective #Confidentialité #Intégrité #Disponibilité #Protéger #Répondre #Rétablir #Gouvernance #Défense","- procédure d'organisation de la sécurité\n- inventaire des groupes de spécialistes\n- preuves de relation avec les groupes de spécialistes","La procédure et l'inventaire des groupes de spécialistes sont à jour.\nIl existe des preuves de relation avec les groupes de spécialistes.","Vert : présence des preuves\nOrange : non-conformité mineure\nRouge: preuves manquantes","Revoir la procédure, mettre à jour l'inventaire et entretenir des relations avec les groupes de spécialistes."
26,"5.07","Intelligence des menaces","Apporter une connaissance de l'environnement des menaces de l'organisation afin que les mesures  d'atténuation appropriées puissent être prises.","#Préventive #Détective #Corrective #Confidentialité #Intégrité #Disponibilité #Identification #Détecter #Répondre #Gestion_des_menaces_et_des_vulnérabilités #Défense #Résilience","- sources d'information sur les menaces\n- preuves d'analyses","Il existe des sources d'information et des preuves d'analyses","Vert : présence des preuves\nOrange : non-conformité mineure\nRouge: preuves manquantes","Recueillir et analyser des informations sur les menaces."
26,"5.08","Sécurité de l'information dans la gestion de projet","Assurer que les risques de sécurité de l'information relatifs aux projets et aux livrables sont traités  efficacement dans la gestion de projet, tout au long du cycle de vie du projet.","#Préventive #Confidentialité #Intégrité #Disponibilité #Identifier #Protéger #Gouvernance #Gouvernance_et_Écosystème #Protection","- procédure d'organisation de la sécurité\n- preuves de la prise en considération de la sécurité de l'information dans la gestion des projets","Contrôler la prise en considération de la sécurité de l'information dans la gestion de projet.","Vert : présence des preuves\nOrange : non-conformité mineure\nRouge : absence de preuves","Intégrer la sécurité de l'information aux activités de gestion de projet de l'organisation."
26,"5.09","Inventaire des informations et des autres actifs associés","Identifier les informations et autres actifs associés de l'organisation afin de préserver leur sécurité et  d'en attribuer la propriété de manière appropriée.","#Préventive #Confidentialité #Intégrité #Disponibilité #Identifier #Gestion_des_actifs #Gouvernance_et_Écosystème #Protection","- extrait de l'inventaire \n- contrôle physique de l'inventaire\n- vérifier l'attribution d'un propriétaire","Contrôler qu'un inventaire des informations et des autres actifs associés, y compris leurs propriétaires et tenu et mis à jour","Vert : présence des preuves\nOrange : manquement mineur\nRouge : absence de preuves","Elaborer et de tenir à jour un inventaire des informations et des autres actifs associés, y compris leurs propriétaires."
26,"5.10","Utilisation correcte de l'information et des autres actifs associés","Assurer que les informations et autres actifs associés sont protégés, utilisés et traités de manière  appropriée.","#Préventive #Confidentialité #Intégrité #Disponibilité #Protéger #Gestion_des_actifs #Protection_des_informations #Gouvernance_et_Écosystème #Protection","- Règle d'utilisation correcte des actifs\n- Date de publication","Contrôler l'existence des règles\nComparer la date de publication à la date du contrôle","Vert : présence des preuves\nOrange : manquement mineur\nRouge : absence de preuves","Identifier, documenter et mettre en oeuvre des règles d'utilisation correcte et des procédures de traitement de l'information et des autres actifs associés."
26,"5.11","Restitution des actifs","Protéger les actifs de l'organisation dans le cadre du processus du changement ou de la fin de leur  emploi, contrat ou accord.","#Préventive #Confidentialité #Intégrité #Disponibilité #Protéger #Gestion_des_actifs #Protection","- échantillon des employés ayant quitté l'organisation sur la période\n- preuves de restitution des assets","Contrôler la listes de employés ayant quitté l'organisation et les preuves de restitution des actifs à l'organisation.","Vert : conforme\nOrange : non-conformités mineures\nRouge : non conforme","Le personnel et les autres parties intéressées, au besoin, restituent tous les actifs de l'organisation qui sont en leur possession en cas de modification ou de rupture de leur relation de travail, contrat de travail ou engagement."
26,"5.12","Classification de l'information","Assurer l'identification et la compréhension des besoins de protection de l'information en fonction de son importance pour l'organisation.","#Préventive #Confidentialité #Intégrité #Disponibilité #Identifier #Protection_des_informations #Protection #Défense","- vérifier la date de mise à jour de la procédure\n- vérifier avec le DPO et juriste la conformité de la procédure au vu des changements du contexte de l'organisation","Contrôler l'existence et la mise à jour de la procédure et son contenu compte-tenu du contexte de l'organisation","Vert : conforme\nOrange : non-conformités mineures\nRouge : non conforme","Classifier l'information conformément aux besoins de l'organisation en termes de sécurité de l'information sur le plan de la confidentialité, de l'intégrité, de la disponibilité et des exigences des parties intéressées."
26,"5.13","Marquage des informations","Faciliter la communication de la classification de l'information et appuyer l'automatisation de la gestion  et du traitement de l'information.","#Préventive #Confidentialité #Intégrité #Disponibilité #Protéger #Protection_des_informations #Défense #Protection","- procédure de marquage\n- échantillon d’information (procédure, formulaire ...)","Contrôler la procédure de marquege et sa mise en œuvre sur un échantillon des informations de l'organisation.","Vert : conforme\nOrange : non-conformités mineures\nRouge : non conforme","Revoir la procédure de marquage de l'information et son application"
26,"5.14","Transfert de l'information","Maintenir la sécurité de l'information transférée au sein de l'organisation et vers toute partie intéressée  externe","#Préventive #Confidentialité #Intégrité #Disponibilité #Protéger #Gestion_des_actifs #Protection_des_informations #Protection","- règles, procédures ou accords de transfert de l'information\n- inventaire des accords concernés\n- termes des accords","Contrôler la mise place des règles, procédures ou accords de transfert de l'information, l'inventaire des accords concernés et les termes des accords.","Vert : conforme\nOrange : non-conformités mineures\nRouge : non conforme","Mettre en place des politiques, des procédures et des mesures de transfert formelles pour protéger les transferts d’information transitant par tous types d’équipements de communication."
26,"5.15","Contrôle d'accès","Assurer l'accès autorisé et empêcher l'accès non autorisé aux informations et autres actifs associés.","#Préventive #Confidentialité #Intégrité #Disponibilité #Protéger #Gestion_des_identités_et_des_accès #Protection","- Politique de contrôle d'accès\n- Date de revue de la politique\n- Date du contrôle","Contrôler la définition et la mise en oeuvre des règles visant à gérer l'accès physique et logique à l'information et aux autres actifs associés en fonction des exigences métier et de sécurité de l'information.","Vert : conforme\nOrange : non-conformités mineures\nRouge : non conforme","Etablir, documenter et revoir la politique de contrôle d'accès"
26,"5.16","Gestion des identités","Permettre l'identification unique des personnes et des systèmes qui accèdent aux informations et  autres actifs associés de l'organisation, et pour permettre l’attribution appropriée des droits d'accès.","#Préventive #Confidentialité #Intégrité #Disponibilité #Protéger #Gestion_des_identités_et_des_accès #Protection","- processus d'enregistrement et de désinscription des utilisateurs\n- date du contrôle","Contrôler la gestion du cycle de vie complet des identités.","Vert : conforme\nOrange : non-conformités mineures\nRouge : non conforme","Gérer le cycle de vie complet des identités."
26,"5.17","Informations d'authentification","Assurer l'authentification correcte de l'entité et éviter les défaillances des processus d'authentification.","#Préventive #Confidentialité #Intégrité #Disponibilité #Protéger #Gestion_des_identités_et_des_accès #Protection","- processus de gestion de l'attribution des informations secrètes d'authentification","Contrôler l'existence et l'application du processus de gestion de l'attribution des informations secrètes d'authentification","Vert : conforme\nOrange : non-conformités mineures\nRouge : non conforme","Mettre en place un processus de gestion formel de l’attribution des informations secrètes d’authentification."
26,"5.18","Droits d'accès","Assurer que l'accès aux informations et aux autres actifs associés est défini et autorisé conformément aux  exigences métier","#Préventive #Confidentialité #Intégrité #Disponibilité #Protéger #Gestion_des_identités_et_des_accès #Protection","- Processus de maîtrise de la gestion des accès aux utilisateurs\n- Preuves d'application du processus de maîtrise de la gestion des accès aux utilisateurs\n- Revue des droits d'accès","Contrôler l'existence du processus de maîtrise de la gestion des accès aux utilisateurs, la validité des preuves d'application du processus et la revue des droits d'accès","Vert : conforme\nOrange : anomalie\nRouge : non-conforme","Les droits d'accès à l'information et aux autres actifs associés sont mis en service, révisés, modifiés et supprimés conformément à la politique portant sur le thème de l'organisation et aux règles de contrôle d'accès."
26,"5.19","Sécurité de l'information dans les relations avec les fournisseurs","Maintenir le niveau de sécurité de l'information convenu dans les relations avec les fournisseurs.","#Préventive #Confidentialité #Intégrité #Disponibilité #Identifier #Sécurité_des_relations_fournisseurs #Gouvernance_et_Écosystème #Protection","- fournisseurs soumis aux exigences de sécurité de l'information\n- exigences de sécurité de l'information\n- acceptations par les fournisseurs","Contrôler que les exigences sont documentées et mises à jour et que les mesures sont acceptées par les fournisseurs","Vert : conforme\nOrange : anomalie\nRouge : non-conforme","Définir et faire accepter par les fournisseurs des exigences de sécurité de l’information pour limiter les risques résultant de l’accès de ces fournisseurs aux actifs de l’organisation."
26,"5.20","Prise en compte de la sécurité de l'information dans les accords conclus avec les fournisseurs","Maintenir le niveau de sécurité de l'information convenu dans les relations avec les fournisseurs.","#Préventive #Confidentialité #Intégrité #Disponibilité #Identifier #Sécurité_des_relations_fournisseurs #Gouvernance_et_Écosystème #Protection","- exigences applicables liées à la sécurité de l’information\n- fournisseurs concernés\n- convention avec les fournisseurs","Contrôler que les exigences sont documentées et mises à jour et que les exigences sont convenues avec les fournisseurs","Vert : conforme\nOrange : anomalie\nRouge : non-conforme","Etablir et convenir avec chaque fournisseur pouvant accéder, traiter, stocker, communiquer ou fournir des composants de l’infrastructure informatique destinés à l’information de l’organisation, des exigences applicables liées à la sécurité de l’information."
26,"5.21","Management de la sécurité de l'information dans la chaîne d'approvisionnement TIC","Maintenir le niveau de sécurité de l'information convenu dans les relations avec les fournisseurs.","#Préventive #Confidentialité #Intégrité #Disponibilité #Identifier #Sécurité_des_relations_fournisseurs #Gouvernance_et_Écosystème #Protection","- fournisseurs concernés\n- exigences sur le traitement des risques\n- accords conclus avec ces fournisseurs","Contrôler les exigences sont documentées et que les accords conclus contiennent les exigences","Vert : conforme\nOrange : anomalie\nRouge : non-conforme","Inclure dans les accords conclus avec les fournisseurs, des exigences sur le traitement des risques liés à la sécurité de l’information associé à la chaîne d’approvisionnement des produits et des services informatiques."
26,"5.22","Suivi, revue et gestion des changements des services fournisseurs","Maintenir un niveau convenu de sécurité de l'information et de prestation de services, conformément  aux accords conclus avec les fournisseurs.","#Préventive #Confidentialité #Intégrité #Disponibilité #Identifier #Sécurité_des_relations_fournisseurs #Assurance_de_sécurité_de_l'information #Gouvernance_et_Écosystème #Protection #Défense","- Fournisseurs concernés\n- Surveillances, vérifications et audits effectués","Contrôler que l'organisation procède régulièrement à la surveillance, à la revue, à l'évaluation et à la gestion des changements de pratiques des fournisseurs en matière de sécurité de l'information et de prestation de services.","Vert : conforme\nOrange : anomalie\nRouge : non-conforme","Surveiller, vérifier et auditer à intervalles réguliers la prestation des services assurés par les fournisseurs."
26,"5.23","Sécurité de l'information dans l'utilisation de services en nuage","Spécifier et gérer la sécurité de l'information lors de l'utilisation de services en nuage.","#Préventive #Confidentialité #Intégrité #Disponibilité #Protéger #Sécurité_des_relations_fournisseurs #Gouvernance_ et_Écosystème #Protection","- Services en nuage concernés\n- Processus d'acquisition, d'utilisation, de management et de cessation des services en nuages\n- Preuves d'application des processus d'acquisition, d'utilisation de management et de cessation","Contrôler que les processus d'acquisition, d'utilisation, de management et de cessation des services en nuage sont définis conformément aux exigences de sécurité de l'information de l'organisation.","Vert : conforme\nOrange : anomalie\nRouge : non-conforme","Définir et surveiller les processus d'acquisition, d'utilisation, de management et de cessation des services en nuage conformément aux exigences de sécurité de l'information de l'organisation"
26,"5.24","Planification et préparation de la gestion des incidents liés à la sécurité de\nl'information","Assurer une réponse rapide, efficace, cohérente et ordonnée aux incidents de sécurité de l'information,  notamment la communication sur les événements de sécurité de l'information.","#Corrective #Confidentialité #Intégrité #Disponibilité #Répondre #Rétablir #Gouvernance #Gestion_des_événements_de_sécurité_de_l'information #Défense","- procédure de gestion des incidents\n- date de mise à jour","Contrôler que les responsabilités dans la gestion des incidents sont définies\nContrôler que la procédure de gestion des incidents existe et est à jour","Vert : conforme\nOrange : anomalie\nRouge : non-conforme","Etablir des responsabilités et des procédures permettant de garantir une réponse rapide, efficace et pertinente en cas d’incident lié à la sécurité de l’information."
26,"5.25","Appréciation des événements liés à la sécurité de l'information et prise de décision","Assurer une catégorisation et une priorisation efficaces des événements de sécurité de l'information.","#Détective #Confidentialité #Intégrité #Disponibilité #Détecter #Répondre #Gestion_des_événements_de_sécurité_de_l'information #Défense","- liste des incidents\n- processus de sélection\n- liste des incidents liés à la sécurité de l'information","Contrôler que le processus de sélection est appliqué","Vert : conforme\nOrange : anomalie\nRouge : non-conforme","Revoir le processus d'appréciation des incidents"
26,"5.26","Réponse aux incidents liés à la sécurité de l'information","Assurer une réponse efficace et effective aux incidents de sécurité de l'information.","#Corrective #Confidentialité #Intégrité #Disponibilité #Répondre #Rétablir #Gestion_des_événements_de_sécurité_de_l'information #Défense","Procédure de gestion des incidents de sécurité\nPreuves d'application de la procédure","Contrôler que la procédure existe et est à jour\nContrôler que la procédure est suivie","Vert: conforme\nOrange : anomalie\nRouge : non-conforme","Traiter les incidents liés à la sécurité de l’information conformément aux procédures documentées."
26,"5.27","Tirer des enseignements des incidents liés à la sécurité de l'information","Réduire la probabilité ou les conséquences des incidents futurs.","#Préventive #Confidentialité #Intégrité #Disponibilité #Identifier #Protéger #Gestion_des_événements_de_sécurité_de_l'information #Défense","- Procédure de gestion des incidents\n- Preuves d'utilisation des connaissances","Contrôler l'existence de l'amélioration dans la procédure\nContrôler l'existence de preuve d'amélioration","Vert: conforme\nOrange : anomalie\nRouge : non-conforme","Utiliser les connaissances recueillies suite à l’analyse et la résolution d’incidents pour réduire la probabilité ou l’impact d’incidents ultérieurs."
26,"5.28","Recueil de preuves","Assurer une gestion cohérente et efficace des preuves relatives aux incidents de sécurité de l'information  pour les besoins d'actions judiciaires ou de disciplinaires.","#Corrective #Confidentialité #Intégrité #Disponibilité #Détecter #Répondre #Gestion_des_événements_de_sécurité_de_l'information #Défense","- procédure de collecte de preuves\n- preuve de collecte de preuves","Contrôler la documentation de la collecte de preuve dans la procédure\nContrôler l'application de la collecte de preuve","Vert : conforme\nOrange : anomalie\nRouge : non conforme","Définir et appliquer des procédures d’identification, de collecte, d’acquisition et de protection de l’information pouvant servir de preuve."
26,"5.29","Sécurité de l'information durant une perturbation","Protéger les informations et autres actifs associés pendant une perturbation.","#Préventive #Corrective #Confidentialité #Intégrité #Disponibilité #Protéger #Répondre #Continuité #Protection #Résilience","- Procédure de gestion de la continuité d'activité\n- Exigences en matière de sécurité et de continuité\n- Preuves de vérification des mesures","Contrôler l'existence et la mise à jour de la procédure\nContrôler les exigences en matière de sécurité et de continuité","Vert : conforme\nOrange : anomalie\nRouge : non-conforme","Déterminer ses exigences en matière de sécurité de l’information et de continuité de management de la sécurité de l’information dans des situations défavorables, comme lors d’une crise ou d’un sinistre."
26,"5.30","Préparation des TIC pour la continuité d'activité","Assurer la disponibilité des informations et autres actifs associés de l'organisation pendant une  perturbation.","#Corrective #Disponibilité #Répondre #Continuité #Résilience","- Systèmes concernés\n- Objectifs de continuité\n- Tests de continuité","Contrôler l'identification des systèmes et de leurs objectifs de sécurité\nContrôler la réalisation de tests de continuité","Vert : conforme\nOrange : anomalie\nRouge : non-conforme","Identifier les objectifs de continuité d'action et les exigences de continuité des TIC. Réaliser des tests de continuité."
26,"5.31","Identification des exigences légales, statutaires, réglementaires et contractuelles","Assurer la conformité aux exigences légales, statutaires, réglementaires et contractuelles relatives à la  sécurité de l'information.","#Préventive #Confidentialité #Intégrité #Disponibilité #Identifier #Réglementation_et_conformité #Gouvernance_et_Écosystème #Protection","- inventaire des exigences légales, statutaires, réglementaires et contractuelles en vigueur\n- approche adoptée par l’organisation pour satisfaire à ces exigences","Contrôler que l'inventaire est à jour et que l'approche est documentée","Vert : conforme\nOrange : anomalie\nRouge : non-conforme","Définir explicitement, documenter et mettre à jour toutes les exigences légales, statutaires, réglementaires et contractuelles en vigueur, ainsi que l’approche adoptée par l’organisation pour satisfaire à ces exigences pour chaque système d’information et pour l’organisation elle-même."
26,"5.32","Droits de propriété intellectuelle","Assurer la conformité aux exigences légales, statutaires, réglementaires et contractuelles relatives aux  droits de propriété intellectuelle et à l'utilisation de produits propriétaires.","#Préventive #Confidentialité #Intégrité #Disponibilité #Identifier #Réglementation_et_conformité #Gouvernance_et_Écosystème","- procédure pour garantir la propriété intellectuelle\n- preuves d'application de la procédure","Contrôler l'existence de la procédure et sa mise à jour et les preuves d'application de la procédure","Vert : conforme\nOrange : anomalie\nRouge : non-conforme","Mettre en œuvre des procédures appropriées pour garantir la conformité avec les exigences légales, réglementaires et contractuelles relatives à la propriété intellectuelle et à l’usage des licences de logiciels propriétaires."
26,"5.33","Protection des enregistrements","Assurer la conformité aux exigences légales, statutaires, réglementaires et contractuelles, ainsi  qu'aux attentes de la société ou de la communauté relatives à la protection et à la disponibilité des  enregistrements.","#Préventive #Confidentialité #Intégrité #Disponibilité #Identifier #Protéger #Réglementation_et_conformité #Gestion_des_actifs #Protection_des_informations #Défense","- mesures de protection des enregistrements\n- exigences légales, réglementaires, contractuelles et aux exigences métier\n- Inventaire des sources d'information clé","- Contrôler que les mesures respectent les exigences.\n- Contrôler les preuves d'application des mesures\n- Contrôler la mise à jour de l'inventaire des sources d'information clé\n- Contrôler la suppression des informations","Vert : conforme\nOrange : anomalie\nRouge : non-conforme","Protéger les enregistrements de la perte, de la destruction, de la falsification, des accès non autorisés et des diffusions non autorisées, conformément aux exigences légales, réglementaires, contractuelles et aux exigences métier."
26,"5.34","Vie privée et protection des DCP","Assurer la conformité aux exigences légales, statutaires, réglementaires et contractuelles relatives aux  aspects de la sécurité de l'information portant sur la protection des DCP.","#Préventive #Confidentialité #Intégrité #Disponibilité #Identifier #Protéger #Protection_des_informations #Réglementation_et_conformité #Protection","- Politique vie privée\n- mesures de protection","Contrôler l'existence et la mise à jour de la politique vie privée et l'application des mesures de protection","Vert : conforme\nOrange : anomalie\nRouge : non-conforme","Garantir la protection de la vie privée et la protection des données à caractère personnel telles que l’exigent la législation ou les réglementations applicables, et les clauses contractuelles le cas échéant."
26,"5.35","Revue indépendante de la sécurité de l'information","S’assurer que l’approche de l’organisation pour gérer la sécurité de l’information est continuellement  adaptée, adéquate et efficace.","#Préventive #Corrective #Confidentialité #Intégrité #Disponibilité #Identifier #Protéger #Assurance_de_sécurité_de_l'information #Gouvernance_et_Écosystème","- Revues indépendantes\n- Plan de suivi des revues\n- Changements dans l'organisaiton","Contrôler que des revues indépendantes de l'approche retenue par l'organisation pour gérer et mettre en oeuvre la sécurité de l'information, y compris des personnes, processus et technologies sont menées à intervalles définis ou lorsque des changements importants sont intervenus.","Vert : conforme\nOrange : anomalie\nRouge : non-conforme","Effectuer une revue indépendante de l’approche retenue par l’organisme pour gérer et mettre en œuvre la sécurité de l’information (à savoir le suivi des objectifs de sécurité, les mesures, les politiques, les procédures et les processus relatifs à la sécurité de l’information) et mettre en place un plan de suivi de la revue."
26,"5.36","Conformité aux politiques et normes de sécurité de l'information","S’assurer que la sécurité de l'information est mise en œuvre et fonctionne conformément à la politique  de sécurité de l'information, aux politiques spécifiques à une thématique, aux règles et aux normes de  l'organisation.","#Préventive #Confidentialité #Intégrité #Disponibilité #Identifier #Protéger #Réglementation_et_conformité #Assurance_de_sécurité_de_l'information #Gouvernance_et_Écosystème","- inventaire des systèmes d'information concernés\n- preuves de vérification","Contrôler que la conformité à la politique de sécurité de l'information, aux politiques portant sur des thèmes et aux normes de l'organisation est vérifiée régulièrement.","Vert : conforme\nOrange : anomalie\nRouge : non-conforme","Examiner les systèmes d’information quant à leur conformité avec les politiques et les normes de sécurité de l’information de l’organisation."
26,"5.37","Procédures d'exploitation documentées","S'assurer du fonctionnement correct et sécurisé des moyens de traitement de l'information.","#Préventive #Corrective #Confidentialité #Intégrité #Disponibilité #Protéger #Rétablir #Gestion_des_actifs #Sécurité_physique #Sécurité_système_et_réseau #Sécurité_des_applications #Configuration_sécurisée #Gestion_des_identités_et_des_accès #Gestion_des_menaces_et_des_vulnérabilités #Continuité #Gestion_des_événements_de_sécurité_de_l'information #Gouvernance_et_Écosystème #Protection #Défense","- procédure d'exploitation\n- disponibilité des procédures aux utilisateurs","Contrôler l'existence et la mise à jour des procédures d'exploitation et la mise à disposition des procédures aux utilisateurs concernés","Vert : conforme\nOrange : anomalies\nRouge : non-conforme","Documenter et mettre à disposition des utilisateurs concernés les procédures d’exploitation."
27,"6.01","Présélection","S'assurer que tous les membres du personnel sont éligibles et adéquats pour remplir les fonctions pour lesquelles ils sont candidats, et qu'ils le restent tout au long de leur emploi.","#Préventive #Confidentialité #Intégrité #Disponibilité #Protéger #Sécurité_des_ressources_humaines #Gouvernance_et_Écosystème","- Procédure de sélection des candidats\n- Preuves d'exécution du processus de sélection","Contrôler l'existence d'une procédure à jour et l'existence de preuves d’exécution du processus de sélection.","Vert : conforme\nOrange : non-conformité mineure\nRouge : absence de preuves","Mettre à jour la procédure et effectuer des vérifications sur tous les candidats à l’embauche."
27,"6.02","Conditions générales d'embauche","S'assurer que le personnel comprend ses responsabilités en termes de sécurité de l'information dans le cadre des fonctions que l’organisation envisage de lui confier.","#Préventive #Confidentialité #Intégrité #Disponibilité #Protéger #Sécurité_des_ressources_humaines #Gouvernance_et_Écosystème","- définitions des termes\n- preuves d'existence des termes dans les accords","Contrôler l'existence des termes et preuves de présence des termes les accords","Vert : présence de preuves\nOrange : Non-conformité mineure\nRouge : absence de preuves","Définir les responsabilités et celles de l’organisation en matière de sécurité de l’information dans les accords contractuels entre les salariés et les sous-traitants."
27,"6.03","Sensibilisation, apprentissage et formation à la sécurité de l'information","S'assurer que le personnel et les parties intéressées pertinentes connaissent et remplissent leurs responsabilités en matière de sécurité de l'information.","#Préventive #Confidentialité #Intégrité #Disponibilité #Protéger #Sécurité_des_ressources_humaines #Gouvernance_et_Écosystèm","- plan de sensibilisation à la sécurité de l'information\n- feuilles de présence","Contrôler l'existence d'un plan de sensibilisation à la sécurité et la participation du personnel à des formations","Vert : existence d'un plan et présence du personnel\nOrange : non-conformité mineure\nRouge : Absence de sensibilisation","Sensibilier le personnel de l'organisation et les parties intéressées  à la sécurité de l'information, leur communiquer un apprentissage et des formations à la sécurité de l'information adaptés, et leur transmettre régulièrement les mises à jour des politiques et procédures de l'organisation s'appliquant à leur fonction."
27,"6.04","Processus disciplinaire","S'assurer que le personnel et d’autres parties intéressées pertinentes comprennent les conséquences  des violations de la politique de sécurité de l'information, prévenir ces violations, et traiter de manière  appropriée le personnel et d’autres parties intéressées qui ont commis des violations.","#Préventive #Corrective #Confidentialité #Intégrité #Disponibilité #Protéger #Répondre #Sécurité_des_ressources_humaines #Gouvernance_et_Écosystème","- Processus disciplinaire\n- Communication du process\n- Parties intéressées","Contrôler qu'un processus disciplinaire permettant de prendre des mesures à l'encontre du personnel et des autres parties intéressées qui ont commis une violation de la politique de sécurité de l'information est formalisé et de communiqué.","Vert : existe\nOrange : non-conformité mineure\nRouge : absence de preuves","Formaliser et communiquer un processus disciplinaire permettant de prendre des mesures à l'encontre du personnel et des autres parties intéressées qui ont commis une violation de la politique de sécurité de l'information."
27,"6.05","Responsabilités consécutivement à la fin ou à la modification du contrat de tr","Protéger les intérêts de l'organisation dans le cadre du processus de changement ou de fin d'un emploi  ou d’un contrat.","#Préventive #Confidentialité #Intégrité #Disponibilité #Protéger #Sécurité_des_ressources_humaines #Gestion_des_actifs #Gouvernance_et_Écosystème","- définition des termes\n- preuves d'application","Existence des termes et des preuves d'application","Vert : existe\nOrange : non-conformités mineures\nRouge : absence de preuves","Définir les responsabilités et les missions liées à la sécurité de l’information qui restent valables à l’issue de la rupture, du terme ou de la modification du contrat de travail."
27,"6.06","Engagements de confidentialité ou de non-divulgation","Assurer la confidentialité des informations accessibles par le personnel ou des parties externes.","#Préventive #Confidentialité #Protéger #Sécurité_des_ressources_humaines #Protection_des_informations #Relations_fournisseurs #Gouvernance_et_Écosystème","- les exigences en matière d'engagement de confidentialité ou de non-divulgation sont documentées \n- les engagements de confidentialités ont été signés par les prestataires lors des derniers projets effectués.","Contrôler que les exigences sont identifiées et documentées","Vert : conforme\nOrange : anomalie\nRouge : non-conforme","Identifier, vérifier et documenter les exigences en matière d’engagements de confidentialité ou de non-divulgation."
27,"6.07","Travail à distance","Assurer la sécurité des informations lorsque le personnel travaille à distance.","#Préventive #Confidentialité #Intégrité #Disponibilité #Protéger #Gestion_des_actifs #Protection_des_informations #Sécurité_physique #Sécurité_système_et_réseau #Protection","- Mesures de sécurité complémentaires \n- Preuves d'application des mesures complémentaires","Contrôler l'existence et mise à jour des mesures de sécurité complémentaires et les preuves d'application de ces mesures","Vert : présence des preuves\nOrange : non-conformité mineure\nRouge : absence de preuves","Définir et mettre en oeuvre une politique et des mesures de sécurité complémentaires pour protéger les informations consultées, traitées ou stockées sur des sites de télétravail."
27,"6.08","Signalement des événements liés à la sécurité de l'information","Permettre la déclaration des événements de sécurité de l'information qui peuvent être identifiés par le  personnel, de manière rapide, cohérente et efficace.","#Détective #Confidentialité #Intégrité #Disponibilité #Détecter #Gestion_des_événements_de_sécurité_de_l'information #Défense","- Procédure de gestion des incidents\n- Exemple d'incident signalé par les voies hiérarchiques","Contrôler l'existence de la procédure, son application et sa mise à jour","Vert : conforme\nOrange : anomalie\nRouge : non-conforme","Signaler les événements liés à la sécurité de l’information dans les meilleurs délais par les voies hiérarchiques appropriées."
28,"7.01","Périmètre de sécurité physique","Empêcher l’accès physique non autorisé, les dommages ou interférences portant sur les informations et  autres actifs associés de l'organisation.","#Préventive #Confidentialité #Intégrité #Disponibilité #Protéger #Sécurité_physique #Protection","- définition des périmètres de sécurité\n- inventaire des zones contenant de l'information sensible","Contrôler que des périmètres de sécurité servant à protéger les zones qui contiennent l'information sensible ou critique et les autres actifs associés sont définis.","Vert : conforme\nOrange : anomalies\nRouge : non-conforme","Définir des périmètres de sécurité pour protéger les zones contenant l’information sensible ou critique et les moyens de traitement de l’information."
28,"7.02","Contrôles physiques des accès","Assurer que seul l'accès physique autorisé aux informations et autres actifs associés de l'organisation  soit possible.","#Préventive #Confidentialité #Intégrité #Disponibilité #Protéger #Sécurité_physique #Gestion_des_identités_et_des_accès #Protection","- inventaire des zones sécurisées\n- contrôles adéquats à l'entrée\n- application des contrôles","Contrôler que les zones sécurisées sont protégées par des contrôles adéquats à l’entrée pour s’assurer que seul le personnel autorisé est admis.","Vert : conforme\nOrange : anomalie\nRouge : non-conforme","Mettre en place des contrôles adéquats à l’entrée des zones sécurisées pour s’assurer que seul le personnel autorisé est admis."
28,"7.03","Sécurisation des bureaux, des salles et des équipements","Empêcher l’accès physique non autorisé, les dommages et les interférences impactant les informations et autres actifs associés de l'organisation dans les bureaux, salles et installations.","#Préventive #Confidentialité #Intégrité #Disponibilité #Protéger #Sécurité_physique #Gestion_des_actifs #Protection","- inventaire des bureaux, salles et équipements\n- mesures de sécurité physique\n- application des mesures","Contrôler l'inventaire, les mesures de sécurité et l'application des mesures.","Vert : conforme\nOrange : anomalies\nRouge : non-conforme","Concevoir et appliquer des mesures de sécurité physique aux bureaux, aux salles et aux équipements."
28,"7.04","Surveillance de la sécurité physique","Détecter et dissuader l’accès physique non autorisé.","#Préventive #Détective #Confidentialité #Intégrité #Disponibilité #Protéger #Détecter #Sécurité_physique #Protection #Défense","- locaux physiques concernés\n- mesures de sécurité mises en place\n- preuves de surveillance","Contrôler l'application des mesures de surveillances continue des locaux","Vert : conforme\nOrange : anomalies\nRouge : non-conforme","Identifier les locaux concernés, identifier les mesures à mettre en place et surveiller en continu l'accès physique non autorisé"
28,"7.05","Protection contre les menaces physiques et environnementales","Prévenir ou réduire les conséquences des événements issus des menaces physiques ou environnementales.","#Préventive #Confidentialité #Intégrité #Disponibilité #Protéger #Sécurité_physique #Protection","- inventaire des désastres naturels attaques malveillantes ou les accidents pris en compte\n- mesures de protection physique\n- application de ces mesures","Contrôler l'inventaire et l'application des mesures. Compter le nombre d'anomalies.","Vert : conforme\nOrange : anomalie\nRouge : non-conforme","Concevoir et appliquer des mesures de protection physique contre les désastres naturels, les attaques malveillantes ou les accidents."
28,"7.06","Travail dans les zones sécurisées","Protéger les informations et autres actifs associés dans les zones sécurisées contre tout dommage et  contre toutes interférences non autorisées par le personnel travaillant dans ces zones.","#Préventive #Confidentialité #Intégrité #Disponibilité #Protéger #Sécurité_physique #Protection","- procédure pour le travail dans les zones sécurisées \n- zones sécurisées\n- application de la procédure","Contrôler que les invantaires existent et sont à jour.","Vert : conforme\nOrange : anomalie\nRouge : non-conforme","Concevoir et appliquer des procédures pour le travail dans les zones sécurisées."
28,"7.07","Bureau propre et écran vide","Réduire les risques d'accès non autorisé, de perte et d'endommagement des informations sur les  bureaux, les écrans et dans d’autres emplacements accessibles pendant et en dehors des heures  normales de travail.","#Préventive #Confidentialité #Protéger #Sécurité_physique #Protection","- Politique du bureau propre\n- Respect de la politique par les utilisateurs","Contrôler que des règles du bureau propre pour les documents papier et les supports de stockage amovibles, et les règles de l'écran vide pour les moyens de traitement de l'information sont définies et d'appliquées.","Vert : conforme\nOrange : anomalies\nRouge : non-conforme","- Revoir la politique du bureau propre pour les documents papier et les supports de stockage amovibles, \n- Sensibiliser les utilisateurs au respect de la politique du bureau propre et de l’écran verrouillé"
28,"7.08","Emplacement et protection du matériel","Réduire les risques liés à des menaces physiques et environnementales, et à des accès non autorisés et  à des dommages.","#Préventive #Confidentialité #Intégrité #Disponibilité #Protéger #Sécurité_physique #Gestion_des_actifs #Protection","- inventaire du matériel concerné\n- menaces et dangers environnementaux retenus\n- emplacements\n- mesures mises en œuvre","Contrôler l'inventaire du matériel concerné et leurs emplacements.\nContrôler l'application des mesures de protection.","Vert : conforme\nOrange : anomalies\nRouge : non-conforme","Protéger les matériels contre les risques liés à des menaces et des dangers environnementaux et les possibilités d’accès non autorisé."
28,"7.09","Sécurité des actifs hors des locaux","Empêcher la perte, l'endommagement, le vol ou la compromission des terminaux hors du site et  l'interruption des activités de l'organisation.","#Préventive #Confidentialité #Intégrité #Disponibilité #Protéger #Sécurité_physique #Gestion_des_actifs #Protection","- mesures de sécurité appliquées\n- preuves d'application des mesures de sécurité","Contrôler l'application des mesures de sécurité","Vert : conforme\nOrange : non-conformité mineure\nRouge : non-conforme","Appliquer des mesures de sécurité aux matériels utilisés hors des locaux de l’organisation en tenant compte des différents risques associés au travail hors site."
28,"7.10","Supports de stockage","Assurer que seuls la divulgation, la modification, le retrait ou la destruction autorisés des informations  de l'organisation sur des supports de stockage sont effectués.","#Préventive #Confidentialité #Intégrité #Disponibilité #Protéger #Sécurité_physique #Gestion_des_actifs #Protection","- procédure de gestion des supports de stockage\n- échantillons de supports\n- preuves de gestion des supports (conservation, classification ...)\n- Echantillon de transports effectués\n- Preuve de transport\n- Preuves de mise au rebut","- Contrôler que des procédures de gestion des supports amovibles sont mises en œuvre conformément au plan de classification adopté par l’organisation.\n- Contrôler que les supports qui ne sont plus nécessaires sont mis au rebut de manière sécurisée en suivant des procédures formelles.\n- Contrôler que les supports contenant de l’information sont protégés contre les accès non autorisés, les erreurs d’utilisation et l’altération lors du transport.","Vert : conforme\nOrange : anomalies\nRouge : non-conforme","Gérer les supports de stockage tout au long de leur cycle de vie d'acquisition, d'utilisation, de transport et de mise au rebut conformément au plan de classification et aux exigences de manipulation de l'organisation."
28,"7.11","Services généraux","Empêcher la perte, l'endommagement ou la compromission des informations et autres actifs associés,  ou l'interruption des activités de l'organisation, causés par les défaillances et les perturbations des  services supports.","#Préventive #Détective #Intégrité #Disponibilité #Protéger #Détecter #Sécurité_physique #Protection","- inventaire du matériel concerné\n- mesures de protection","Contrôler l'inventaire du matériel et l'application des mesures de protection.","Vert : conforme\nOrange : anomalies\nRouge : non-conforme","Protéger les matériels des coupures de courant et autres perturbations dues à une défaillance des services généraux."
28,"7.12","Sécurité du câblage","Empêcher la perte, l'endommagement, le vol ou la compromission des informations et autres actifs  associés et l'interruption des activités de l'organisation liés au câblage électrique et de communications.","#Préventive #Confidentialité #Disponibilité #Protéger #Sécurité_physique #Protection","- inventaire du câblage concerné \n- mesures de protection contre les interceptions et les dommages","Contrôler l'inventaire du câblage et l'application des mesures","Vert : conforme\nOrange : anomalies\nRouge : non-conforme","Protéger les câbles électriques, transportant des données ou supportant les services d'information contre toute interception, interférence ou tout dommage."
28,"7.13","Maintenance du matériel","Empêcher la perte, l'endommagement, le vol ou la compromission des informations et autres actifs  associés et l'interruption des activités de l'organisation causés par un manque de maintenance.","#Préventive #Confidentialité #Intégrité #Disponibilité #Protéger #Sécurité_physique #Gestion_des_actifs #Protection #Résilience","- inventaire du matériel concerné\n- mesures d’entretiens\n- preuves d'application des mesures d'entretien","Contrôler l'inventaire du matériel concerné, les mesures d'entretien et l'application des mesures","Vert : conforme\nOrange : anomalies\nRouge : non-conforme","Entretenir correctement les matériels pour garantir leur disponibilité permanente et leur intégrité."
28,"7.14","Mise au rebut ou recyclage sécurisé(e) du matériel","Éviter la fuite d'informations à partir de matériel à éliminer ou à réutiliser.","#Préventive #Confidentialité #Protéger #Sécurité_physique #Gestion_des_actifs #Protection","- inventaire du matériel contenant des données sensibles\n- preuves d'effacement des données","Contrôler que l'inventaire est à jour.\nContrôler la présence des preuves d'effacement des données","Vert : conforme\nOrange : anomalies\nRouge : non-conforme","S’assurer que toute donnée sensible a bien été supprimée et que tout logiciel sous licence a bien été désinstallé ou écrasé de façon sécurisée  du matériel contenant des données sensibles avant leur mise au rebut ou leur réutilisation."
29,"8.01","Terminaux utilisateurs","Protéger les informations contre les risques liés à l'utilisation de terminaux finaux des utilisateurs.","#Préventive #Confidentialité #Intégrité #Disponibilité #Protéger #Gestion_des_actifs #Protection_des_informations #Protection","- Mesure de sécurité mises en place\n- Inventaire des terminaux utilisateur\n- Preuves d'application de mesures de protection","Contrôler que toute information stockée sur un terminal utilisateur final, traitée par ou accessible via ce type d'appareil et protégée.","Vert : présence de preuves\nOrange : non-conformité mineure\nRouge : absence de preuves","Protéger toute information stockée ou traitée sur un terminal utilisateur final ou accessible via ce type d'appareil."
29,"8.02","Privilèges d'accès","S'assurer que seuls les utilisateurs, composants logiciels et services autorisés sont dotés de droits d'accès privilégiés.","#Préventive #Confidentialité #Intégrité #Disponibilité #Protéger #Gestion_des_identités_et_des_accès #Protection","- restrictions des droits d'accès à privilèges\n- contrôle des droits d'accès à privilèges","Contrôler l'existence des restrictions de droits d'accès à privilège et l'allocation des doits d'accès à privilèges","Vert : conforme\nOrange: non conformités mineures\nRouge: non conforme","Restreindre et contrôler l’allocation et l’utilisation des droits d’accès à privilèges"
29,"8.03","Restriction d'accès à l'information","Assurer les accès autorisés seulement et empêcher les accès non autorisés aux informations et autres actifs associés.","#Préventive #Confidentialité #Intégrité #Disponibilité #Protéger #Gestion_des_identités_et_des_accès #Protection","- restrictions d'accès à l'information \n- application de ces restrictions","Contrôler les restriction d'accès à l'information et l'application de ces restriction conformément à la politique portant sur le thème du contrôle d'accès.","Vert : conforme\nOrange : conconformité mineure\nRouge : non-conforme","Revoir les restrictions d'accès à l'information et leur application"
29,"8.04","Accès au code source","Empêcher l'introduction d'une fonctionnalité non autorisée, éviter les modifications non intentionnelles  ou malveillantes et préserver la confidentialité de la propriété intellectuelle importante.","#Préventive #Confidentialité #Intégrité #Disponibilité #Protéger #Gestion_des_identités_et_des_accès #Sécurité_des_applications #Configuration_sécurisée #Protection","- inventaire du code source des programmes\n- restriction d'accès au code source","Contrôler l'effectivité de la restriction de l'accès au code source des programmes.","Vert : conforme\nOrange : anomalies\nRouge : non-conforme","Restreindre l’accès au code source des programmes."
29,"8.05","Authentification sécurisée","S'assurer qu'un utilisateur ou une entité est authentifié de façon sécurisée lorsque l'accès aux systèmes, applications et services lui est accordé.","#Préventive #Confidentialité #Intégrité #Disponibilité #Protéger #Gestion_des_identités_et_des_accès #Protection","- procédures de connexion sécurisée\n- application de la procédure de connexion","Contrôler l'application des procédures de connexion sécurisée","Vert : conforme\nOrange : anomalies\nRouge : non-conforme","Lorsque la politique de contrôle d’accès l’exige, contrôler par une procédure de connexion sécurisée l'accès aux systèmes et aux applications."
29,"8.06","Dimensionnement","Assurer les besoins en termes de moyens de traitement de l'information, de ressources humaines, de bureaux et autres installations.","#Préventive #Détective #Intégrité #Disponibilité #Identifier #Protéger #Détecter #Continuité #Gouvernance_et_Écosystème #Protection","- ressources surveillées\n- preuves de surveillance et de dimensionnement des ressources\n- projection sur les dimensionnements futurs","Contrôler l'inventaire des ressources surveillées, les preuves de surveillances et les projections effectuées","Vert : conforme\nOrange : anomalies\nRouge : non-conforme","Surveiller et ajuster l’utilisation des ressources et effectuer des projections sur les dimensionnements futurs pour garantir les performances exigées du système."
29,"8.07","Protection contre les programmes malveillants","S’assurer que les informations et autres actifs associés sont protégés contre les programmes malveillants.","#Préventive #Détective #Corrective #Confidentialité #Intégrité #Disponibilité #Protéger #Détecter #Sécurité_système_et_réseau #Protection_des_informations #Protection #Défense","- procédure d'exploitation\n- disponibilité des procédures aux utilisateurs","Contrôler l'existence et la mise à jour des procédures d'exploitation et la mise à disposition des procédures aux utilisateurs concernés","Vert : conforme\nOrange : anomalies\nRouge : non-conforme","Documenter et mettre à disposition des utilisateurs concernés les procédures d’exploitation."
29,"8.08","Gestion des vulnérabilités techniques","Empêcher l’exploitation des vulnérabilités techniques.","#Préventive #Confidentialité #Intégrité #Disponibilité #Identifier #Protéger #Gestion_des_menaces_et_des_vulnérabilités #Gouvernance_et_Écosystème #Protection #Défense","- vulnérabilités techniques obtenues\n- preuves d'analyse\n- mesures appropriées prises","Contrôler que l'inventaire est pertinent, qu'il existe des preuves de vérification lees mesures prises","Vert : conforme\nOrange : anomalie\nRouge : non-conforme","Obtenir des informations sur les vulnérabilités techniques des systèmes d'information, évaluer l'exposition de l'organisation à ces vulnérabilités et prendre les mesures appropriées."
29,"8.09","Gestion de la configuration","S'assurer que le matériel, les logiciels, les services et les réseaux fonctionnent correctement avec les paramètres de sécurité requis, et que la configuration n’est pas altérée par des changements non autorisés ou incorrects.","#Préventive #Confidentialité #Intégrité #Disponibilité #Protéger #Configuration_sécurisée #Protection","- Systèmes concernés \n- documentations de configuration\n- vérifications réalisées","Contrôler que l'inventaire des systèmes concernés est complet, la documentation de configuration et que des contrôles sont réalisés","Vert : conforme\nOrange : anomalie\nRouge : non-conforme","Vérifier le matériel, les logiciels, les services et les réseaux afin de s'assurer qu'ils fonctionnent correctement avec les paramètres de sécurité requis, et que la configuration n’est pas altérée par des changements non autorisés ou incorrects."
29,"8.10","Suppression d'information","Empêcher l'exposition inutile des informations sensibles et se conformer aux exigences légales, statutaires, réglementaires et contractuelles relatives à la suppression d'informations.","#Préventive #Confidentialité #Protéger #Protection_des_informations #Réglementation_et_conformité #Protection","- Inventaire des exigences légales,  statutaires, réglementaires et contractuelles relatives à la suppression d'informations\n- Informations, dispositifs et informations concernées\n- Preuves de suppression sécurisée des informations","Contrôler l'inventaire des exigences, les informations concernées et les preuves de suppression","Vert : conforme\nOrange : anomalie\nRouge : non-conforme","Supprimer l'information stockée dans les systèmes d'information et les dispositifs lorsqu'elle n'est plus utile."
29,"8.11","Masquage des données","Limiter l'exposition des données sensibles, y compris les DCP, et se conformer aux exigences légales, statutaires, réglementaires et contractuelles.","#Préventive #Confidentialité #Protéger #Protection_des_informations #Protection","- Procédure de masquage des données\n- Données concernées\n- Preuves d'application du masquage","Contrôler l'existence et la mise à jour de la procédure de masquage, la pertinence des données concernées et l'application du masquage","Vert : conforme\nOrange : anomalie\nRouge : non-conforme","Utiliser le masquage des données conformément à la politique de l'organisation portant sur le thème du contrôle d'accès et aux exigences métier, tout en prenant en compte les exigences d'ordre légal."
29,"8.12","Prévention de la fuite de données","Détecter et empêcher la divulgation et l'extraction non autorisées d'informations par des personnes ou des systèmes.","#Préventive #Détective #Confidentialité #Protéger #Détecter #Protection_des_informations #Protection #Défense","- Procédure de prévention de la fuite de données\n- Données concernées\n- Preuve d'application des mesures","- Contrôler l'existence et la date de la procédure\n- Contrôler les données concernées\n- Contrôler l'application des mesures","Vert : conforme\nOrange : anomalie\nRouge : non-conforme","Appliquer des mesures de prévention de la fuite de données aux systèmes, réseaux et terminaux qui traitent, stockent ou transmettent de l'information sensible."
29,"8.13","Sauvegarde des informations","Permettre la récupération en cas de perte de données ou de systèmes.","#Corrective #Intégrité #Disponibilité #Rétablir #Continuité #Protection","- Politique de sauvegarde\n- Copies de sauvegarde\n- Tests de copies de sauvegarde","- Contrôler l'existence et la mise à jour de la politique de sauvegarde\n- Existence des copies de sauvegarde\n- Tests des copies de sauvegarde","Vert : conforme\nOrange : anomalies\nRouge : non-conforme","Conserver des copies de sauvegarde de l'information, des logiciels et des systèmes et de les tester régulièrement à l'aide de la politique définie sur le thème de la sauvegarde."
29,"8.14","Redondance des moyens de traitement de l'information","S'assurer du fonctionnement continu des moyens de traitement de l'information.","#Préventive #Disponibilité #Protéger #Continuité #Gestion_des_actifs #Protection #Résilience","- Inventaire des moyens de traitement de l'information concernés\n- exigence de disponibilité\n- preuve de redondance","Contrôler que l'inventaire est à jour, les exigences de disponibilité et l'existence de preuves de redondance","Vert : conforme\nOrange : anomalie\nRouge : non-conforme","Mettre en œuvre des moyens de traitement de l’information avec suffisamment de redondances pour répondre aux exigences de disponibilité."
29,"8.15","Journalisation","Enregistrer les événements, générer des preuves, assurer l'intégrité des informations de journalisation, empêcher les accès non autorisés, identifier les événements de sécurité de l'information qui peuvent engendrer un incident de sécurité de l'information et assister les investigations.","#Détective #Confidentialité #Intégrité #Disponibilité #Détecter #Gestion_des_événements_de_sécurité_de_l'information #Protection #Défense","- inventaire des journaux\n- mesures de protection des journaux\n- stockage des journaux\n- analyses des journaux","Contrôler que les journaux existent et sont à jour, les mesures de protection des journaux\nles capacités de stockage et que l'analyse réalisée sur ces journaux.","Vert : conforme\nOrange : anomalie\nRouge : non-conforme","Créer, protéger, stocker et dnalyser des journaux enregistrant les activités, exceptions, pannes et autres événements pertinents."
29,"8.16","Activités de surveillance","Détecter les comportements anormaux et les éventuels incidents de sécurité de l'information.","#Détective #Corrective #Confidentialité #Intégrité #Disponibilité #Détecter #Répondre #Gestion_des_événements_de_sécurité_de_l'information #Défense","- Inventaire des réseaux, systèmes et applications concernées\n- Mesures de détection mise en place\n- Evaluation / Incidents détectés","Contrôler l'inventaire des réseaux, systèmes et application concernés, les mesures de détection mises en place et que des évaluations sont réalisées ou des incidents générés","Vert : conforme\nOrange : anomalie\nRouge : non-conforme","Surveiller les réseaux, systèmes et applications pour détecter tout comportement anormal et de prendre les mesures appropriées pour évaluer les incidents liés à la sécurité de l'information potentiels."
29,"8.17","Synchronisation des horloges","Permettre la corrélation et l'analyse d’événements de sécurité et autres données enregistrées, assister les investigations sur les incidents de sécurité de l'information.","#Détective #Intégrité #Protéger #Détecter #Gestion_des_événements_de_sécurité_de_l'information #Protection #Défense","- inventaire des horloges concernées\n- source temporelle unique\n- mécanisme de synchronisation\n- effectivité de la synchronisation","Contrôler l'inventaire des horloges, la source temporelle unique utilisée et la synchronisation des horloges sur la source","Vert : conforme\nOrange : anomalie\nRouge : non-conforme","Synchronisées sur une source de référence temporelle unique les horloges de l’ensemble des systèmes de traitement de l’information concernés d’une organisation ou d’un domaine de sécurité."
29,"8.18","Utilisation de programmes utilitaires à privilèges","S'assurer que l'utilisation de programmes utilitaires ne nuise pas aux mesures de sécurité de  l'information des systèmes et des applications.","#Préventive #Confidentialité #Intégrité #Disponibilité #Protéger #Sécurité_système_et_réseau #Configuration_sécurisée #Sécurité_des_applications #Protection","- inventaire des programmes utilitaires\n- contrôles mis en place","Contrôler l'application des contrôles sur l'utilisation des programmes utilitaires","Vert : conforme\nOrange : anomalies\nRouge : non-conforme","Faire l'inventaire des programmes utilitaires permettant de contourner les mesures de sécurité d’un système ou d’une application, limiter et étroitement contrôler leur utilisation."
29,"8.19","Installation de logiciels sur des systèmes en exploitation","Assurer l'intégrité des systèmes opérationnels et empêcher l'exploitation des vulnérabilités techniques.","#Préventive #Confidentialité #Intégrité #Disponibilité #Protéger #Configuration_sécurisée #Sécurité_des_applications #Protection","- procédures de contrôle d'installation\n- mise en oeuvre des mesures","Contrôler l'effectivité de la procédure de contrôle d'installation","Vert : conforme\nOrange : anomalie\nRouge : non-conforme","Mettre en œuvre des procédures sont mises en œuvre pour contrôler l’installation de logiciels dans les systèmes opérationnels."
29,"8.20","Mesures liées aux réseaux","Protéger les informations dans les réseaux et les moyens de traitement de l'information support contre  les compromission via le réseau.","#Préventive #Détective #Confidentialité #Intégrité #Disponibilité #Protéger #Détecter #Sécurité_système_et_réseau #Protection","- réseaux concernés\n- contrôles mis en œuvre\n- vérification des contrôles","Contrôler que des contrôles sont en place et que ces contrôles sont effectifs","Vert : conforme\nOrange : anomalie\nRouge : non-conforme","Gérer et contrôler les réseaux pour protéger l’information contenue dans les systèmes et les applications."
29,"8.21","Sécurité des services en réseau","Assurer la sécurité lors de l'utilisation des services réseau.","#Préventive #Confidentialité #Intégrité #Disponibilité #Protéger #Sécurité_système_et_réseau #Protection","- Inventaire des services de réseau concernés\n- Mécanismes de sécurité, niveaux de service et exigence de gestion identifiée","Contrôler que l'inventaire des services de réseau concernés est complet et à jour, que les mécanismes de sécurité de niveaux de service et les exigences sont identifiés et sont intégrés dans les accords de service","Vert : conforme\nOrange : anomalie\nRouge : non-conforme","Pour tous les services de réseau, identifier et intégrer dans les accords de services de réseau, les mécanismes de sécurité, les niveaux de service et les exigences de gestion."
29,"8.22","Filtrage Internet","Diviser le réseau en périmètres de sécurité et contrôler le trafic entre eux en fonction des besoins  métier.","#Préventive #Confidentialité #Intégrité #Disponibilité #Protéger #Sécurité_système_et_réseau #Protection","- mesures d'accès mises en place\n- blocages réalisés","Contrôler les règles d'accès aux sites web externes et les blocages réalisés.","Vert : conforme\nOrange : anomalie\nRouge : non-conforme","Gérer l'accès aux sites Web externes pour réduire l'exposition à tout contenu malveillant."
29,"8.23","Cloisonnement des réseaux","Protéger les systèmes contre la compromission des programmes malveillants et empêcher l'accès aux  ressources web non autorisées.","#Préventive #Confidentialité #Intégrité #Disponibilité #Protéger #Sécurité_système_et_réseau #Protection","- inventaire des groupes de services d'information, d'utilisateurs et de systèmes d'information\n- mesures de cloisonnement réseau","Contrôler l'inventaire des groupes de services d'information, d'utilisateurs et de systèmes d'information et la mise en place des mesures de cloisonnement réseau","Vert : conforme\nOrange : anomalie\nRouge : non-conforme","Cloisonner sur les réseaux les groupes de services d’information, d’utilisateurs et de systèmes d’information."
29,"8.24","Utilisation de la cryptographie","Assurer l’utilisation correcte et efficace de la cryptographie afin de protéger la confidentialité,  l'authenticité ou l'intégrité des informations conformément aux exigences métier et de sécurité de  l'information, et en tenant compte des exigences légales, statutaires, réglementaires et contractuelles  relatives à la cryptographie.","#Préventive #Confidentialité #Intégrité #Disponibilité #Protéger #Configuration_sécurisée #Protection","- Règles d'utilisation de la cryptographie\n- Preuves d'élaboration et de mise en œuvre de ces règles\n- Clés et algorithmes cryptographiques utilisés","Contrôles les règles d'utilisation des mesures de cryptographie, leur élaboration et leur mise en œuvre ainsi que les clés et algorithmes cryptographiqes utilisés.","Vert : conforme\nOrange : anomalies\nRouge : non-conforme","Définir et de mettre en oeuvre des règles relatives à l'utilisation de la cryptographie, notamment la gestion des clés cryptographiques."
29,"8.25","Cycle de vie de développement sécurisé","S'assurer que la sécurité de l'information est conçue et mise en œuvre au cours du cycle de vie de  développement sécurisé des logiciels et des systèmes.","#Préventive #Confidentialité #Intégrité #Disponibilité #Protéger #Sécurité_des_applications #Sécurité_système_et_réseau #Protection","- règles de développement\n- développements réalisés\n- preuves d'application des règles","Contrôler l'existence des règles de développement, leur mise à jour et l'application des règles de développement","Vert : conforme\nOrange : anomalie\nRouge : non-conforme","Etablir et appliquer des règles de développement des logiciels et des systèmes aux développements de l’organisation."
29,"8.26","Exigences de sécurité des applications","S'assurer que toutes les exigences de sécurité de l'information sont identifiées et traitées lors du  développement ou de l’acquisition d'applications.","#Préventive #Confidentialité #Intégrité #Disponibilité #Protéger #Sécurité_des_applications #Sécurité_système_et_réseau #Protection #Défense","- services d'application transmis sur les réseaux publics\n- mesures de protection","Contrôler l'inventaire des services réseau et l'effectivité des mesures contre les activités frauduleuses, les différents contractuels, ainsi que la divulgation et la modification non autorisées.","Vert : conforme\nOrange : anomalie\nRouge : non-conforme","Protéger contre les activités frauduleuses, les différents contractuels, ainsi que la divulgation et la modification non autorisées les informations liées aux services d’application transmises sur les réseaux publics."
29,"8.27","Principes d'ingénierie et d'architecture système sécurisée","S'assurer que les systèmes d'information sont conçus, mis en œuvre et exploités de manière sécurisée  au cours du cycle de vie de développement.","#Préventive #Confidentialité #Intégrité #Disponibilité #Protéger #Sécurité_des_applications #Sécurité_système_et_réseau #Protection","- principes d'ingénierie de la sécurité des systèmes\n- travaux de mise en œuvre des systèmes d'information","Contrôler que les principes d'ingénierie sont établis et mis à jour et que ces principes sont appliqués dans les travaux de mise en ouvre des systèmes d'information","Vert: conforme\nOrange : anomalie\nRouge : non-conforme","Etablir et documenter des principes d’ingénierie de la sécurité des systèmes, les tenir à jour et les appliquer à tous les travaux de mise en œuvre des systèmes d’information."
29,"8.28","Codage sécurisé","S'assurer que les logiciels sont développés de manière sécurisée afin de réduire le nombre d’éventuelles  vulnérabilités de sécurité de l'information dans les logiciels.","#Préventive #Confidentialité #Intégrité #Disponibilité #Protéger #Sécurité_des_applications #Sécurité_système_et_réseau #Protection","- inventaire des développements réalisés\n- preuves d'application des règles de codage","Contrôler l'inventaire des développements réalisés et l'application de règles de codage","Vert: conforme\nOrange : anomalie\nRouge : non-conforme","Appliquer des principes de codage sécurisé au développement de logiciels."
29,"8.29","Tests de sécurité dans le développement et l'acceptation","Valider le respect des exigences de sécurité de l'information lorsque des applications ou des codes sont  déployés dans l'environnement .","#Préventive #Confidentialité #Intégrité #Disponibilité #Identifier #Sécurité_des_applications #Assurance_de_sécurité_de_l'information #Sécurité_système_et_réseau #Protection","- programmes de tests de conformités\n- nouveaux systèmes, mises à jour et nouvelles versions\n- tests réalisés","Contrôler que des tests sont réalisés sur les nouveaux systèmes, lors de mise ) jour er sur les nouvelles versions","Vert : conforme\nOrange : anomalies\nRouge : non-conforme","Réaliser des tests de fonctionnalité de la sécurité pendant le développement."
29,"8.30","Développement externalisé","S'assurer que les mesures de sécurité de l'information requises par l'organisation sont mises en œuvre  dans le cadre du développement externalisé des systèmes.","#Préventive #Détective #Confidentialité #Intégrité #Disponibilité #Identifier #Protéger #Détecter #Sécurité_système_et_réseau #Sécurité_des_applications #Sécurité_des_relations_fournisseurs #Gouvernance_et_Écosystème #Protection","- développements externalisés\n- contrôles réalisés","Contrôler que des contrôles sont réalisés sur les développements externalisés.","Vert : conforme\nOrange : anomalie\nRourge : non-conforme","Superviser et contrôler l’activité de développement du système externalisée."
29,"8.31","Séparation des environnements de développement, de test et de production","Protéger l'environnement opérationnel et les données correspondantes contre les compromissions qui  pourraient être dues aux activités de développement et de test.","#Préventive #Confidentialité #Intégrité #Disponibilité #Protéger #Sécurité_des_applications #Sécurité_système_et_réseau #Protection","- inventaire des applications concernées\n- environnements de développement, de test et d'exploitation\n- mesures de séparation des environnements","Contrôler la présence des environnements pour chaque application et l'effectivité de la séparation des environnements","Vert : conforme\nOrange : anomalie\nRouge : non-conforme","Séparer les environnements de développement, de test et d’exploitation pour réduire les risques d’accès ou de changements non autorisés dans l’environnement en exploitation."
29,"8.32","Gestion des changements","Préserver la sécurité de l'information lors de l'exécution des changements.","#Préventive #Confidentialité #Intégrité #Disponibilité #Protéger #Sécurité_des_applications #Sécurité_système_et_réseau #Protection","- procédure de gestion des changements\n- changements réalisés","Contrôler la procédure gestion des changements, sa mise à jour et les changements réalisés suivent la procédure","Vert : conforme\nOrange : anomalie\nRouge : non-conforme","Contrôler les changements des systèmes dans le cadre du cycle de développement par le biais de procédures formelles."
29,"8.33","Informations relatives aux tests","Assurer la pertinence des tests et la protection des informations opérationnelles utilisées pour les tests.","#Préventive #Confidentialité #Intégrité #Protéger #Protection_des_informations #Protection","- inventaire des environnements contenant des données de test\n- mesures de protection appliquées (anonymisation)","Contrôler l'application des mesures de protection aux données de test","Vert : conforme\nOrange : anomalie\nRouge : non-conforme","Sélectionner avec soin, protéger et contrôler les données de test."
29,"8.34","Protection des systèmes d'information en cours d'audit et de test","Minimiser l'impact des activités d'audit et autres activités d'assurance sur les systèmes opérationnels  et les processus métier.","#Préventive #Confidentialité #Intégrité #Disponibilité #Protéger #Sécurité_système_et_réseau #Protection_des_informations #Gouvernance_et_Écosystème #Protection","- exigences et activités d'audit impliquant des vérifications sur des systèmes en exploitation\n- prévision et validation des activités\n- perturbations engendrées par ces vérifications","Contrôler les exigences, la prévision et la validation des activités et l’existence de perturbations engendrées par ces vérifications","Vert : conforme\nOrange : anomalie\nRouge :  non-conforme","Prévoir avec soin et valider les exigences et activités d’audit impliquant des vérifications sur des systèmes en exploitation afin de réduire au minimum les perturbations subies par les processus métier."
